id,breed
20030cc0f391fcf7f7141da5136f12c2,pekinese
200a51e8f11ebbb884fc6cf01973586b,borzoi
200c04a24faf943612206e10715301fa,keeshond
201a8f529b0243eec23d94c406ca98cc,pug
201ae96c80f070595f632e2b092d7777,miniature_poodle
201c8fbfb1fce7829a37109d787eedaa,standard_poodle
201fe1c7b5c0c513c42d1a1ba350d4df,french_bulldog
202bb947018debda922ef6af3ccebf00,bluetick
202c3ed2fa2c50b736fb3c4cc8fe903c,samoyed
202d6a18246367a631ae85ad77727df4,great_pyrenees
202d6e58dc961b63c647cb8991294c6f,samoyed
203101fda989b54e195270a84fd1c114,standard_poodle
203581bbee6e5dc08c511d236aae6ec4,black-and-tan_coonhound
2036b98e51c7e6c76119ca7eead626ac,brittany_spaniel
203a82da35da69a6517e0dce4d072071,golden_retriever
20430175869defec1722d3432f42ebd7,affenpinscher
204306ee0a351c894017995a256749f2,kerry_blue_terrier
204afa07ab86787636e985188cb82b36,cairn
204b3f0122be057881d4cc6794bf48a6,redbone
204f7f0385120edfc182c04dc47cb295,sealyham_terrier
20539c9fd72a07a186748e78e51cf5d4,malinois
205cbf889d8ce64e6f61ae2563fbb9f8,chihuahua
205d07a4d180e8fad81b27f02436571c,french_bulldog
206b5cac90b6671681e41721d85b28fa,english_foxhound
206b7ea4d79d94742ce9731aad96d031,great_pyrenees
2071036a0cb133584c9b917b1a7e90d7,maltese_dog
20835ebd92c1401aca05f86e22799305,curly-coated_retriever
20898ac13cbf93d1c4465a32ab96bfb3,malamute
2090b25cc76e68a9974e9984d213ec03,staffordshire_bullterrier
209437e99c6add26a2004fc425852693,giant_schnauzer
20963bd7d0202c45005f5f0a052858a5,great_dane
209d8e99fc9bbdefe264bd4c71200b4b,chihuahua
209fae9c9a2ec63321399a9b14ae28ec,briard
20a139198997995cf225389a269a02a1,clumber
20a9238dd34f189ec7de945e006e660b,beagle
20b56b811f633f8391e81d59c00e758f,shetland_sheepdog
20b7775d5e4cf1bff4ea2f382612bd18,great_pyrenees
20b9d84a4255af601e26e11eb9f9855a,walker_hound
20be3ce1dd7db9194c856726c2f154a3,boston_bull
20bf4cd949afa66f38a99b9c815a1102,samoyed
20bfa7dbc9f7b226f94f0addd0b4d141,border_collie
20c02abd77c1f320455c86bc7c022585,cardigan
20c283ef7832a436eb919800f2be1718,great_pyrenees
20c5b5fc9d16d9a16e77a5647c383f94,airedale
20c98bf7b5842a48b2d491e591736afb,bernese_mountain_dog
20ca77608e80e914e6eb60d5e08caf6d,dhole
20d430abf2d7fb050c925c0f13a47a27,standard_schnauzer
20d5be5f67426f91121c082af2b98b37,shetland_sheepdog
20d7905672ab40f8c5e5913e775ba503,walker_hound
20d7b779380e37618be8a4e608f160e3,blenheim_spaniel
20d932389c9e5b46a474aba99258ed8d,kerry_blue_terrier
20dc1fbd775ca16d855e0681d55b5cda,australian_terrier
20e43936da54dc63b1d6cd3e64914612,bloodhound
20f44e34fa743c7b6bcbf960bd7ac4d1,komondor
20fb8ff7f74f4d94a4bc81b70de1daae,appenzeller
21025ac6cc0358e4dd6fda564605cf34,italian_greyhound
2102caf5ab229e2d6e621ceff6313ae1,basset
210c9a0264b1e9c2170e0fc5722189db,border_collie
2113ab1c03c03a594809dcaa3e43b165,entlebucher
2125684ed729de7ba10cc02ed8f75179,american_staffordshire_terrier
2127048d6519984ef2f5e5255a250733,pug
2127333089dfdddd0de3de85792599c2,cocker_spaniel
212b638c66bddbd536da71d27907528f,german_short-haired_pointer
212f7cfa5a153997c4a1ee64dcfbf76f,labrador_retriever
212fac12fe3bfc0820cd6d05339765ab,toy_terrier
21362f7f3d079a6cbc8b72432fd8b11d,golden_retriever
213bed7c726d8445f06640af7cc45d05,welsh_springer_spaniel
213cdae86b93271c566b09bf7bc79e8f,kelpie
21532bd1c6dcc80e98eedbbc6cd059a7,standard_poodle
2154516e54dc02add050a8a885207d29,sussex_spaniel
215de93b31816745d6ceecb1dbe5aea3,gordon_setter
215e7f1b05b7f8ac72bd64618bd3d25e,american_staffordshire_terrier
215fb2b75397fe9010c35fe84f2a07b2,saint_bernard
2161472479ce09cedbe99ba0dd698428,pekinese
21733ecef08819821f584f27cfc961d9,irish_wolfhound
21781fa733040005ea99b6d23829dd82,bedlington_terrier
2183b53d9b477c283cc4d90f37442053,shetland_sheepdog
21853ddf37407e3bbf6915627c76178c,standard_poodle
21895a847d034f99fdd98ffb5851da0c,english_setter
2197f4bff731d1de02ee0dfef5f4c860,tibetan_mastiff
219a919735822e98d89cca96fd89107b,siberian_husky
219db9ccb0ef3c6e63b89c8fa3793ce4,sussex_spaniel
21a2b151100ddcf57358fa0442aec8b3,giant_schnauzer
21a38439d3fdd2ce6b26b89ddd71baf7,silky_terrier
21a7245032ec610d7cc2e2e2e20617d7,irish_water_spaniel
21aa762f1bc676e9278c2bfdb1b5cc64,english_springer
21aed4cfca90bf4db05c1c7542009ab7,border_collie
21b3006afebd75664f31220e2d15e9c4,english_setter
21b5e0496a130df8779281813e071bfd,komondor
21ba1eb45659b77daba4ffd4c410c904,silky_terrier
21cc2409dba86b22048915de56ba1698,affenpinscher
21dfcac3b5cc302372a081c0bdc7a24c,dandie_dinmont
21dfeebc515160a484d64eb9bb12bb93,bernese_mountain_dog
21e691dfa94dd0d8399a5c47bd9e96da,whippet
21e6981e660e8d7674cd820809505a16,whippet
21e9f008806384a7e088b6de18466990,english_setter
21eec2cb15c5b4948605bf5d2c9ab87e,great_dane
21eed327a3a89c7e6d37949c2ab43d27,greater_swiss_mountain_dog
21ef8a9ce6af47485e7f8ef45d1977d1,miniature_pinscher
21fc1c46c82db3978ea66cf310e3ab95,italian_greyhound
2202777791248d42735913d0e25b9ceb,bedlington_terrier
220b9f4199980cddc4eb6a38d361b03b,irish_water_spaniel
221566cd0df650574a67d37e3791f208,pug
221d6a5556c33cebd3d2f51eb6565dcf,samoyed
2221e11c28a2a03cf81e5f024e28c585,toy_terrier
22317b4ca72c1032498d42f1a35e1fdb,tibetan_terrier
223521c726f4d2cb258cb8b1038d8236,walker_hound
2242610593e258533049449d3f93e937,collie
224756c99191ca99b8fdb88e445d041c,chow
225787ce5ffd6fb52e188b616f06248f,standard_poodle
226ffd2a0ab7fe198b97bf255711ee82,scottish_deerhound
2271373cc892e5a5b04f9c08adf250bb,blenheim_spaniel
22772e4142ccb40c480230d771996bd8,shetland_sheepdog
227b12b4c21b19559158c6cacfbecf8b,ibizan_hound
228e7403fbfab41c7586de3afb83887b,lhasa
2292aac9af3c3646720d9401612390c2,rhodesian_ridgeback
2294fdf8ceba2e6846e68a9ae1099997,gordon_setter
22a48dbad1b0f7d0e7d37b0312dcde2f,border_terrier
22b1e1ee3eace28d731f6e337a604578,boxer
22b278473423ec37384e1bf0483805a0,bouvier_des_flandres
22bfeccd7faa4d27ff4e6db3ffafef8b,basenji
22c44ed27b40a8dc151ae65961c59fe8,pug
22c6358485c0c19df5f853ceacf5b9fb,english_springer
22cbd4b42526ca9d884b3ab4011db65a,labrador_retriever
22df91a9c602fd14d87ea62784f179d0,pug
22dfe796314ae40b41609f3aaca5a700,weimaraner
22e4187c13e0e5af7400f9681e613f29,labrador_retriever
22ed67754278200e0bc36948ec00427d,shetland_sheepdog
22fdc5e385c6dcb34119778f5bcc5eca,bouvier_des_flandres
22ffe5b63e2afd0cb914079f09fdfdd7,basenji
2305bb6841f0e2bc0ac9450ec58a121d,german_short-haired_pointer
2307046859dc0fcd27ecaec5de284e98,standard_poodle
23259c54997519723801e82e86dcc804,toy_poodle
2329f9e00a661ef8e0935b731669c935,cairn
233e7b6febe7608844276bb9c04a53f1,komondor
23418e1e584a9ac9e51c1ab2c804c1a7,yorkshire_terrier
23463bc4fef6a1a71d45025e7dde4c58,brabancon_griffon
234c7dc4d49add585dba077b3efc41f3,chow
234f291c3808ab3518d8dc4ca9201fa1,bull_mastiff
2350636fa621328d21bd36798942b051,french_bulldog
2352a3eb1ba8bcd1171a812413147f00,giant_schnauzer
235e1ec918707fc74225de8a5bfad3fe,great_pyrenees
236262b824225211b6716cebfcf6317f,bernese_mountain_dog
2379e29942819dcae1f1ea97446aaaf6,bernese_mountain_dog
23868a8b561f32c18411e35f3aa8f8b7,malinois
238f8a750263db92c8665612ef46e216,greater_swiss_mountain_dog
2391e91e696cb035a315fab123ed77f0,schipperke
23ae1bc23a25c10fb1fc70a524e4e33f,cardigan
23b5bbb8d8c7243765436fd0e35653ce,chow
23bd48ba6a538419e640ef14f8342e31,malinois
23ddca9977a7c6547e2502b26cec80fc,chow
23e182419007d6293ae31d6fb4b7076d,rottweiler
23e73ebc4dd90b6d9269bdf0c499cce1,toy_poodle
23e80188aa0226b27e32dde1c819ee4b,leonberg
23eafc49b99c85a9cc8b21441b23402f,golden_retriever
23fae27f01d6a6dce68a8235f4712f05,scotch_terrier
23fd69aeafc33f66ff8ecb536096881c,giant_schnauzer
24002364f324a040f35f6a69d5138435,chow
240ce7dee9610547cad87c92fcff7dbb,boston_bull
2411cc0aecc999e710569021b03f0800,old_english_sheepdog
241ab15e33417034deadcbbbaa1a51a4,rottweiler
241bb47ab02ab1b01aad84ffb6524b6d,scottish_deerhound
241dfa021b63e321e60454912f0e9869,english_foxhound
2428c868173d32dcbbd766fe44c141e4,walker_hound
242c1504139ece5b84e93efcef9b322e,malamute
2434d734f7ca85eb4733884ba23b7c68,old_english_sheepdog
2437c18a0d3273c3c179bd3fc4418cab,cocker_spaniel
24380b2177bb5243112b3c64008e2176,german_short-haired_pointer
243a801532ba613be030c802954b580c,ibizan_hound
243b71efb7163b30a7cbc7e95933ea61,maltese_dog
243c8cae6ff9dbc1d40651bd2af23ac4,pug
2443cefb98478664bb7804064f39c002,japanese_spaniel
244c30d8930d3a027b1fb22d4da52a85,beagle
244f4aef47cdfb6b4a5a58398ad10b06,samoyed
244f5f60d9c5545d414295ace9a8c15b,german_short-haired_pointer
2456919fabd59db9456db5ee3a4b09bf,sealyham_terrier
2457b9e98cd35d12a90fae830c8e9200,norwich_terrier
245b83dbae3358970d81604b98871d55,border_terrier
245c53103d734d7e49df7a107c97ef54,rottweiler
2467c49806dffe9bf0155c9256faf86e,lakeland_terrier
247bd5917165aae21518dc8a5ac6d0ab,siberian_husky
24804d5b56da5261bd21663194a4444a,staffordshire_bullterrier
2483ddc95004ffd44b14a486d94ac91b,gordon_setter
24851d709a38011d88c59e7623bac3fd,borzoi
2487df74f182686d037efe8a9f2ad62d,otterhound
2488c06a9c34f75dd3ac8dbb292dfc77,saluki
2491b7d3fe1e54e1c8fe0d1e3b4cc5a7,chesapeake_bay_retriever
24968d279159784894314e7679c934b1,silky_terrier
249d04652c43e370746078f0aacfbfce,german_shepherd
249e2dbed176e59db563a97bbe91b251,chow
24a037230a61e29b7a0e89e8fa27b1b7,silky_terrier
24a1283f33d45f06ac05078d79fb77ed,tibetan_terrier
24a16155d423049d0c574c8e489c8b1c,bloodhound
24ada83db1179845b57ee4f8d8c56669,pembroke
24b3734184a949e910f56a6c193868e0,cairn
24b9008c2294a1c2f4c899d2e76e6822,boxer
24bad9c547fc56016625af535b1070c1,borzoi
24bf8f23543282c914eb6292e0ba2f71,leonberg
24bfe78a765d02f011ac80c34bbdd7c3,chow
24c70e236822e958236adf329d348f4d,afghan_hound
24d2e86da970f0c7ab50314a5cb2a5fd,cocker_spaniel
24d8ff0d34eae6082f8071d6d85aaf8e,norfolk_terrier
24dba573c683eb299eb3b3a4c5ee353d,english_foxhound
24dd4a64041954187c1eb54a20d0f279,entlebucher
24e2e6d195b532bf0d2fa249f55afa18,basset
24e5571fe836fea8aa867c10158cc4a4,english_foxhound
24e5ea89ab96f5534ca2be217ef17643,toy_poodle
24e7bf04f7cdcb458585ecf4d7a24529,miniature_pinscher
24eff2c8a8903d51bf1c1888351f6494,chihuahua
24f0dfc7352681f4572fe72514c5095c,entlebucher
24fdea7f3df1b2a7e2cc4100b7af81ac,clumber
250002ac1d5de344d9d64c93a2eabf9b,weimaraner
2503c9956d64ee59954183a723016add,kelpie
2504c258bacb5fb0fd35c0f46330d6da,irish_terrier
251a08ee399e9c6597a7da5a9a666ae3,otterhound
251c34f3b527215f0b865a4580bf4e95,boston_bull
2525513f3e10f57549bf6d1bdba1dc03,border_terrier
252e1564226738254d6f1f8fc94391a2,flat-coated_retriever
254246dd009d6ed5e5a83cb065acc169,borzoi
25484bd23c8482a05d7de53e1a3e802a,dhole
2548fc4c82599c657cde8b0b81ba60c5,greater_swiss_mountain_dog
254b4eb7218cc3e6f18286b020fb61cd,yorkshire_terrier
254b66cf5e7e30ad3380e9c1120baf35,bull_mastiff
254dd5e3d5f66a3b5d15c745cc54d065,scotch_terrier
25526168121fe509d4b323dcb6e23a7b,blenheim_spaniel
25573fa72e5b0052b27d7165a6da47e5,brabancon_griffon
256aaa88bc44411757ba3eb431c0db94,giant_schnauzer
256b9947f9be5c60b21fa969fa51fe2e,bernese_mountain_dog
257589097bbd7ab8901ca6389604e403,irish_setter
257d7d5a3b94a225fa26aa537f6aa8d0,italian_greyhound
2585d3d8b52a90296e9b9917a9bfc81c,black-and-tan_coonhound
258a8531e8ff16c40d750fa3ae77bd68,pekinese
258b0150db684de6e4f89528fbbd693e,bedlington_terrier
2593df463736b5642ecee1db418d9a44,whippet
25982a31ae3190f007a4a072599a0959,pug
2598525f7e0470d1424249bbf998dc96,miniature_pinscher
259b55fcffdd850aac00d034b090c56c,redbone
259bc30c8e5754ff9a8459dd75eee994,brabancon_griffon
25b02d997fb29784ffa5d767cb0481d5,blenheim_spaniel
25b31f36e3c72a6d1bdce88539834b59,toy_terrier
25bd4d37f5af75544bf4571316eb9d1c,pembroke
25be8d40afc2702a73cef09dd624a3f0,irish_wolfhound
25c22dead9fb1bf09d3984b2e6ebda43,australian_terrier
25c47bc84760dbb01ca2f96bbce9489b,rottweiler
25c795ad08d87a312345e74cf469c5d3,giant_schnauzer
25cadbca01601bb69736e4835d60b048,saluki
25d13706449a0e5bc89077b99366b448,yorkshire_terrier
25d44cc514ac6625b1ea11ab91b4ba2f,lhasa
25e39234fec7980d3dbed17e21f4b8c1,siberian_husky
25e4cf89d2558df2a189d4d6e76efcb1,pomeranian
25ea375ae33a9c855b9156570b9844bf,shetland_sheepdog
25f99bf9e6cfb22ec1f7b6857bba15c4,english_springer
25fd69a393eb692942f95048f2ba8924,norwegian_elkhound
26096ea4a2c7e6100e4b434ffe57ab2c,redbone
260a6a3079eeb47413c040b4ebb4c8bf,dandie_dinmont
2617e4f271598e3e74f7e0f94c862db3,rottweiler
261a03537305027b4fbb4d03765ee18c,weimaraner
261ee1f32174c1ce20aa3ae952f5604e,airedale
2626c1fd506611569c5ac02967e783cf,chihuahua
263248adbf0696aca17150987c108521,schipperke
2637cc0c82e54086454cd271e2dcb61a,italian_greyhound
263a1b1fa0cafa212f6c34c7bf693b57,affenpinscher
263e169a83e941473a9026072ed74ebc,chow
2648268c5276c81d37c63d335ca930c1,tibetan_terrier
26503dfaa1761b0c9b0375ebc76c888c,basenji
26564f73942083a302df9d6aa23d7acf,australian_terrier
265d3babc4f879da3b9898ed77d5b585,vizsla
266115adee245e31c3b8ee4860db376f,shih-tzu
26651353258a387aa573b7e0d0d8b17c,appenzeller
266e30c1d1173e2091d8949043c2941a,black-and-tan_coonhound
2673401bc38791042a10237ed0ffc181,schipperke
267bf54ebdb2f27c0686c9dbcdb87088,flat-coated_retriever
26914931b40a466c795993e6abd78673,cocker_spaniel
2693c580e81824ee89e03ed46343a496,borzoi
2695c92b1303ab96f329c3790db5edb0,kelpie
269943ddbcdae9ecf9f1eccd95503173,border_terrier
269a6aeefd8050aafda02044c9cd2a80,norwegian_elkhound
269df6c511205e34bd1bc968351b6277,clumber
269fffc6762062ee4ce466204bac4d9b,chow
26a4f5afd06a0fceea3dcb095fb47e80,french_bulldog
26b4edb53ece094f420f30a6be4a5374,lakeland_terrier
26c79d5d57003d74b02b8db3366db8cc,bluetick
26caaf6663453fab159f7a4217f6d769,toy_terrier
26cddb3b74e27e894d785776b00dd329,tibetan_terrier
26cff375af0d80056c8932750f904bdd,dandie_dinmont
26d012ce945eff58576c47e6e84140b6,afghan_hound
26e08dcdcd3dbf6da5b537c7f8803c0e,gordon_setter
26e23a0539ba67e89aae10ec35c4eb12,eskimo_dog
26f41b861666360a8048a230e838bdeb,pekinese
26f7854ae1cc8788a25488276f54b06f,brittany_spaniel
26fb1299881ec58429e6321e57bddfe2,toy_terrier
26fff4fd8a7265b3906507fc5f245da2,dandie_dinmont
271644241266089a9ce469c8d632d992,weimaraner
271dfc72a582a0a9b54e833788cafad3,miniature_pinscher
27290de13a539134e06d9a5af13e23a1,scottish_deerhound
272cfd49116ccb386971218dca0f62ae,clumber
2730ca529b48dc5c0a0cdcd3533151b5,brabancon_griffon
27391c4f1f9b1e96e15629a4cae370a5,borzoi
273c19effa703469145fa4891d374ac3,rottweiler
2741b08476a2e4089fbe5e33e7182c24,sussex_spaniel
2741e3ca0ac4e0f7810e7c66e2f260fb,pug
274a3faf8f8e654e7d75882ec0abf047,blenheim_spaniel
27576fac0bc6f4795852d8767e824237,pomeranian
275c887f7278fddb48ada49d4c2b162f,whippet
2766a5143b7ace4f624d8e067e2f5b11,english_foxhound
2767bc100841ba96c5292f8c94086574,papillon
276b9b3db7dd30593834c7927d551733,basenji
276d0fd62b4f9801ee2cfc6b01530ada,japanese_spaniel
276de3bdc93f4220e5b7492dc601cf5c,giant_schnauzer
2772c0c2962911f330bb59457f91dbf8,kuvasz
277392eca69e5f231038a15a640fc01c,entlebucher
277aa983dcfc915b4dfbb86e6bfb3775,pembroke
277fb3822b1c07eeae9346ec61c99028,clumber
278338a4c29a63ccfa4dd6b6915ab91e,cocker_spaniel
278368d6d4f4efe53432c4856187c299,kelpie
2783d9ce4fef1ed1274d089be06d3d3b,collie
278739637271fe972aa9a62404685a24,newfoundland
278b69e68354513d1dba33be8bfbe1eb,great_dane
278efbcb4eb5c6a22cfa1031cce6136a,weimaraner
27943110bcfed97bd1daa662a484d870,old_english_sheepdog
27958c741177b9f1844e6b85ab38e317,english_springer
2796546b6e0e5e25f200df4b79ef0099,border_terrier
279b0cdad8d881d5c8a90f1a09c73561,komondor
279c273d9b40a48846a53a90eca6b2da,wire-haired_fox_terrier
27a2cef9b40af3b24e60e23de77f3d9d,italian_greyhound
27aef70dc8105fa9eae07bf969dc3e05,komondor
27c96fe6f4dae2f400dca8f40e619978,chesapeake_bay_retriever
27d675d26f650549558bcb0d2bb250d4,english_springer
27dc32da78ef081a347e24cb5bdfdcdf,labrador_retriever
27f50802bca226538a25140326c9ae92,gordon_setter
27fdff7f05bfa707dccde0c6662c3f7e,papillon
28015b269195e53baca16836f39347b2,lakeland_terrier
280d29e9e2f9cf53e8deba4dc1d352fb,bull_mastiff
2812c8abfb915dfe85aa5ae62e5f3ba3,whippet
2815f2b94d41c24a9bc192e2d95f5215,norfolk_terrier
28192a31f9b51c06019dd62fcbf984c6,pomeranian
28294e8620e31bf4364d99b2cfda387f,pomeranian
282f23a4decf778f59a15447c4588902,lhasa
28324516db1ad19c3b33c1b6ad397774,giant_schnauzer
28353e057b0f67d44cb95baa708688d8,collie
283912e757cbec7bfa8a66f44fc045be,collie
2842aab6bf7e2649919bd867d9baa165,kelpie
2843a45ff0f5fd8d5ce6d1b785663234,otterhound
2858f1f3828793a37f0728bfd66fc6f4,samoyed
285b2dd63c5b7835b387818873fe59c1,kuvasz
2863e072aea4e523bb7503e1aaa951b9,great_dane
286592c4838ad48f89d0e898fefc0172,rottweiler
2866b7c2eb58fdad90098ded08d201a6,cardigan
28682b63cff646d1b26cacacb1a6ee62,sussex_spaniel
2875eb5e402bdfb3c5ad40f7dacb036d,blenheim_spaniel
287f86494e176daaa00b9a3b1b2e763d,old_english_sheepdog
2881a8476712181b9d357b5ea0838c52,miniature_poodle
28841f65fee77e887962b18f6670d4a0,tibetan_mastiff
288e71dd1a3d2fffda7647a7dc94d71f,bull_mastiff
2890d759f0c2da8c2942cb9e5707a41c,doberman
289c74acec698535a1ba05330797289f,lakeland_terrier
289fe5f053910932c072c0296f5dc154,walker_hound
28a0a1354d536ede54ac53bcae21535a,whippet
28a28c36cb45db604d7d517f8f9600f1,dandie_dinmont
28b0c66727c333afe43cb7c6006cd3a0,newfoundland
28bdfc1f5bb2c5e4794287b4c31cdf58,leonberg
28ca80be375615da41042f81b55db5e3,whippet
28cc762efa038128054057394f7ce339,chow
28d5f6971aea60e8b528ee6b445bbc78,collie
28ee001b7e88aa95480baceff7c17094,french_bulldog
28f673b778e6f4cb974dc332fcb1ee1d,saint_bernard
28f7140259e0f9d36cd67cb3f194fe34,groenendael
290a83cd8331cfe96a1846f5e1977b55,basset
290d1794bc8b2df4911aa5cab3f7a776,scotch_terrier
291508bcd740d30e288da0be54c031da,tibetan_mastiff
2917c652aa90dd5908994b25c10ba674,bernese_mountain_dog
2918212b7adcfefa9640c778c21cbf6b,redbone
2919fcf3fd82cb677a8cb375acb7898f,otterhound
291f8ff3c8a5ad5451f42d6b5119963e,scottish_deerhound
292027eeb86ebe99f9f00ad02697dcec,airedale
2932b0c7298f1f35288901d9666ba52c,norfolk_terrier
2941f13293ee53c18be3acb3ef5c3205,miniature_pinscher
29434945d64aed89e7c1968de3b4285b,malinois
29547354790e2b91e55dcd31f5e141da,australian_terrier
29589713b4f254372da90babc76d3ea9,german_short-haired_pointer
2958f3aa05c668495b874ea995465060,airedale
295bf5ab4b5d5d18532e68ef2f28a038,ibizan_hound
295cb1a9b5d64689cae62dd2964bc070,airedale
296ae87cea58f6f1203c9a9625bde4ae,miniature_schnauzer
29743dcc4d439615133f2024b50aab15,lhasa
2974dccc97c0cb25f7873e33a4730f47,shih-tzu
2976809f7669b4fa8c9094f1cff056d9,wire-haired_fox_terrier
297c98b5f86ea26e42794edb4885105a,irish_water_spaniel
298484d02269df72a0776e5a0bf76973,groenendael
2988284e39fbc91db0dbeedbd8c7555e,schipperke
298da42e0ca382e6def83cc7c52bd3a9,sealyham_terrier
298eb62d8d5e839db0a9d995fb55e7f1,toy_terrier
29975437f5b41ee4e061d83253f12d74,dandie_dinmont
299c6788d1b91d1553a54a3fa9de2959,clumber
299c7717d3af4a4ad1842a5b0b8ee1ef,newfoundland
299fbfaab6b6e34e25b67d0acb5f22e5,french_bulldog
29a318650fe7abdd9f37e0d147b58e4b,pomeranian
29af5684098bf507ac2566deef4be960,english_setter
29b06acb65e3873dfab2a7b2581d6a35,toy_poodle
29bc240e80932cab8c7429a8d17c6d5f,giant_schnauzer
29bea12d15de7705ddc0e2d1d8c95f6b,american_staffordshire_terrier
29e1834949fc4b1f24eec8ce5c8b77ca,chesapeake_bay_retriever
29eb77d67f317a9ae72482c31a0654d0,bull_mastiff
29ebb6a17247453b7a14ef8a151c0224,silky_terrier
29f4fbc88dbe90a21ceffa17cd167be0,toy_poodle
29f5f80f17ffc3a4662468b13057bf08,walker_hound
29ffe86d2ec850780e4cbe1539290752,bedlington_terrier
2a058ce4bb6189960e142d2ee9115ca8,afghan_hound
2a114941065b77b8d5d0c19b9256ecc6,doberman
2a14962a7a0d1461f5b5623fb3d76884,scotch_terrier
2a15ca0aff3a7a9ecd961460c5f20ba5,irish_wolfhound
2a21a6ca07560ad9cbda9d17cf975b1a,blenheim_spaniel
2a26dd719f6ab87fc13eb834d9a9f8e6,toy_terrier
2a290eb7b2cf9dd735935388c5ffa6f1,pembroke
2a325864fcc3e8672071f91d08c22467,bouvier_des_flandres
2a341a9eb623d1ad095a94a4c2b420fa,shih-tzu
2a38b087dcb10edfa2b4aecc882419ab,toy_terrier
2a3b3a4fecb3171df19bed491865c733,saluki
2a4343b91dc55997f868b310f58a542f,boxer
2a4e50e444cedaf3c425d16f06a8d649,schipperke
2a586995ffa57d8f693241ca833c9376,australian_terrier
2a59a96ffbdd6c8ba70465e3a7e10a3c,afghan_hound
2a5a0a68efa7e768c5af3fe0cb20c9fe,german_short-haired_pointer
2a61908ee6937f3cc1472091829d1d22,collie
2a64b9bc7f894d05dd34ec450c5944fa,silky_terrier
2a662b7013211c9f6b9a0dcf618c812e,black-and-tan_coonhound
2a76b2b8bdfe494930ea2ea4d1daff57,rhodesian_ridgeback
2a7b71cc59c791ce50e30fcc77909b61,cairn
2a8ac4ec28af4aa4bbb7e35dda82c6e0,english_foxhound
2a8bdeaa403b876927c3e4efa4b74d7d,flat-coated_retriever
2a9c12d4c284c8d80844a8797daf7f4c,irish_terrier
2a9f524a0bb54c854034ee0fbf1aa4dc,kelpie
2aa6ff31823ad1627e8b98f7aaff47ef,entlebucher
2aa7127b78792735a59e43b03c517677,saluki
2aa7d0d2b23d7ec4032526fc1684d8f7,chihuahua
2aa89fb77f9b4e4bb84cfc16d8ee8926,miniature_schnauzer
2ab1b3332e47fe80c68888b255c1223d,welsh_springer_spaniel
2ac0b174eeeffdca774c0731da5d736a,basset
2ac10837ecb82f466b9a9f60bacfe99f,samoyed
2ac2f5944e38c9873fddd80f44929a91,basset
2ac9a62048bf2bbce0c8b42b15130ec3,rhodesian_ridgeback
2acb0afc8305957a9fcd602aafc222fd,gordon_setter
2ad417a1ddd2d35434e128db0a66b5ef,sealyham_terrier
2ad42314f0d2aee674610d54b060bd50,eskimo_dog
2adab84cf8072a0c338193cb2f055901,lakeland_terrier
2adbb94f7a0d880fb7db6442b24ee06f,walker_hound
2adc0323ecf18ff1dc969f4cca885539,norfolk_terrier
2ae0c93bbde7a8f13ed5583d97352a83,border_terrier
2ae2f3582606b45659a29dbff0311ac4,norwegian_elkhound
2ae784251c577222be8f7f3cef36e2d0,golden_retriever
2ae9f5755f70cf91904ee19f7759b065,cardigan
2af698f7a9582431f12768ee3878d139,rottweiler
2b05cee92b607aeff9943930a59119db,west_highland_white_terrier
2b0b8b38b39912cbe671211199a2ecf3,rhodesian_ridgeback
2b0beabe94af30c51d3d3149c4832c38,bloodhound
2b20b95a67ae06fff91adadd666b79c6,keeshond
2b30ed72929cb94d91e4f6a5d821b64a,staffordshire_bullterrier
2b366c121d11beea15d42bd86853462a,maltese_dog
2b3a5612b59af3c353a68ac307d92884,airedale
2b3c174dd8afc9bfdf4bd9cb3d4a0fad,gordon_setter
2b3d3ebf255bd72989161cc517e348a9,bloodhound
2b3f0db8fe521cb77031a709bdff031b,bluetick
2b42884366cd108df865e465d4b65e7c,rhodesian_ridgeback
2b48b5242ef63c849ba235d6885f1006,toy_terrier
2b4e24996bd70174a4ecb6990a3d8204,kerry_blue_terrier
2b5743e28127da3447f4cd45e81c8f68,chow
2b59fa5e6e555a4f1b82cb088dbb04e4,bedlington_terrier
2b5baa368615501684a474200181ffe1,beagle
2b5c0c29ae9783290d924b2f8d365466,whippet
2b5fabdc8822e1624d697103e1bd6c3c,bernese_mountain_dog
2b76c878c08197a6702271f5bb7c32b5,saluki
2b78075f0f8cca467507ca475610b762,english_foxhound
2b91d80384844026e7c81f40cef49403,old_english_sheepdog
2ba1e0f500b72e3e2abe67bc913b3335,old_english_sheepdog
2baab41b17d71613c7103a0089195918,tibetan_mastiff
2bb31e47a3692f7cd452bde2c33b35ef,italian_greyhound
2bb7c577b868f6a78ec1f49f013028af,bluetick
2bc117818e426ecd086f7c7435a7130b,otterhound
2bc3544c614107dd07410e98b9b6d7eb,schipperke
2bc67c00874f3a6ba94acabebcba49be,shih-tzu
2bd7de172c5d3df19fbd1e184cc55e0d,bedlington_terrier
2bd96ebe4a342e09b8379b0cf16cf391,african_hunting_dog
2bdef95fa13aeaf3cc8cc19a04963a54,appenzeller
2be5c6c4b3bcadec0a579197586ef114,welsh_springer_spaniel
2be75da18d88312d50c6237ce86786d8,saint_bernard
2bf6537aec6ae690f9c0d88ced19ecdc,sealyham_terrier
2bf7c97c5bc83872492b744b46e39a9a,french_bulldog
2bfcd85116832abfa752ec9f679c2288,gordon_setter
2bfe3d604c6462925a5e91b6705ee4f4,greater_swiss_mountain_dog
2c1b06c76751d8b9f9ff943cd693cfca,norwegian_elkhound
2c1fd9683a30755e964da94b233334d8,old_english_sheepdog
2c24bc98cf59ae1102faa196681c1c1a,sussex_spaniel
2c2a4f529131c3109a7ab66b133b8461,basenji
2c2dbb18ce10dd5a3a36812ecb344f52,miniature_pinscher
2c31c24f9d7afde28a0d7129fd780c67,lhasa
2c390a15343403f0ceafea822ba22883,norfolk_terrier
2c3db3a8da1a65eaef44485bb8477f9b,ibizan_hound
2c484faaaaa5f622200897bb068e3a96,malamute
2c49abef4877c6ec4c194e25362b7375,great_dane
2c49f0018041256a35e4c81a94fa1f92,rhodesian_ridgeback
2c511f4a8d8731a86e607bb17dd10f59,bouvier_des_flandres
2c55080777e6a4d52cddbd370611af06,silky_terrier
2c5c6ed3fac9666d5ef89ab3931f6785,australian_terrier
2c5ceeb88110e5fea161cae699aee8dc,beagle
2c5e1a46763f9769924089a9f3616ffc,lakeland_terrier
2c5f6c1c3acef3e307fd92378caf198c,boston_bull
2c64e362c9aa29450082291264dcba29,flat-coated_retriever
2c6747e75d62a9137f6d51e6d52dc61a,bernese_mountain_dog
2c6cea517a2b4c79a25efdaa42419824,lakeland_terrier
2c752e987acb54f4d5e553d493ca9470,japanese_spaniel
2c85a2b7e16b9395425db3a83616aa29,airedale
2c88496b29e8f71e5d4c039e24673dda,irish_water_spaniel
2c8dbe1eb23a69bbeca2ed49f2476819,bloodhound
2c8dc4b0052f1c50519ba04b3bc4a65c,irish_water_spaniel
2c99c9ae27d34737a092ebfaeb791648,scottish_deerhound
2c9a4288cd58143aebcf77c94fa0099d,dhole
2ca6d2b7ebaab8a73dbaec14c46b4461,english_springer
2ca79bb70fb0d2738002d69806a42e1a,shih-tzu
2cab6591e1da25b4e6658cebec78f0ff,curly-coated_retriever
2cacfe9f639a1d7a1b9048ff934c0970,norfolk_terrier
2caf050afc8dad52c1e250eaec964bf5,clumber
2cb1a35c9a986633dcc2c7289bafb02e,basset
2cb34c23e9ed9f34154916a63265c6fb,eskimo_dog
2cb9a4f2da8c03e16f35b46ac59c0151,kelpie
2cb9b87fd67c86fac4bb81bccc852f46,schipperke
2cbde3740c0b20a8324a150aa966a3ef,dingo
2cbf7946e93d81d8f07b46bd339a1a93,toy_poodle
2cc1f4d5ad3ba20ed20756531f78fa05,airedale
2cd30e4c6aefb60281db1caec0d5040f,bedlington_terrier
2cd41dc14701a32530d770cc5794a97a,black-and-tan_coonhound
2cdc6e481ee1cda57fbd96be6ce6cb8a,chesapeake_bay_retriever
2cddd21e49ea9246eaa8012ae03aedac,boston_bull
2cefe40de2cc019c8feaf8409a236c19,groenendael
2cf16ed82bc025e5a2331adac0b5dff8,dhole
2cf1754ae1696b36d07bfe6f5b48c3a8,boxer
2cfe1877f1311b07a49c28a101c1ee04,flat-coated_retriever
2d083040e2aa8cda5f4dfb160ff76b36,bedlington_terrier
2d0a562b51b634648b09778ae720a2d4,rottweiler
2d12add71dcb843dcc0064244a5769df,french_bulldog
2d18755cd7a1155c3944910a6dffd377,kelpie
2d1c767f731465473c9c84abfaee35ea,pembroke
2d238157ee1f8d2c02ca68668d864ae0,tibetan_mastiff
2d24951f446acb4ccdb2c5506d881e92,bouvier_des_flandres
2d26717f0bbfb03273d996b3281bfe76,irish_setter
2d281959a02178bbcdeea424c8757b1d,saluki
2d2bc64f5ffaeae46af748c7f6c2afc9,newfoundland
2d30f37b3d5d20b9740e3fdd273101bd,pembroke
2d3962be861a6e2798de218fdde36e5d,pembroke
2d3effc3e9eff34775fbcde166dc9981,boxer
2d407c6de2a33920413e55599a07f171,standard_poodle
2d43d94c05bc9f45dec6d50ba85bb880,australian_terrier
2d45a457498cbd8d41954c389a675ce0,norwich_terrier
2d48dfbeb942e43157564559e4fb3ff6,great_pyrenees
2d48f1a94c59aef4d9dd0d543d5d9f7b,norwich_terrier
2d4cc7da80299e9411120acfadb2150e,saluki
2d55b4e8bb13c78ade9d76d882825f6c,australian_terrier
2d57a95602b1c4eb11f9d47e5760935f,african_hunting_dog
2d5f90898716876858ff1bf7f418d7d7,groenendael
2d619ed09dfae38b0f73b5b75d1db784,irish_terrier
2d67ef63835422d789da904a8e89b905,irish_setter
2d81620b970a5204541c93be8b6a63a2,malinois
2d879c2cde4587ac5bac5fcfdd0edadb,west_highland_white_terrier
2d8945b0a70d3a37960020113c2d118f,japanese_spaniel
2d8ec7b5aa0c781b0f52a6e50391e924,standard_schnauzer
2d96378ec31a98a7875b5fbead2e5762,soft-coated_wheaten_terrier
2d96d7258d31f2e7430c91ce4cee2cb6,bull_mastiff
2d9d74365b727615cd8c026fb5f45010,kelpie
2da3558e7254a36dea53d35234bbb215,lakeland_terrier
2da57398c5baadadfc42a16e4905ae96,french_bulldog
2db176534ae11dd67b9bfb480d76bcf1,shetland_sheepdog
2db3672a67f51993259a44e702872525,whippet
2db5c814202dff431a0f984ad9df7140,golden_retriever
2db83abf17de07286072ee5a2d497830,siberian_husky
2dc75d91efef1262d4a646dfc0d8ba31,english_setter
2dd680898f48be646e420a2d30418c02,boxer
2dd8080c67be70915acbef99bb55b00f,soft-coated_wheaten_terrier
2ddaeb3ee36cba02e028b809a4c88ca4,ibizan_hound
2de892b241aeab50aad28c319eaebdbd,weimaraner
2de8d47770da0fb805ccf8461d062c54,boston_bull
2dfc5a83323990d5e42e2912dc1a884a,bouvier_des_flandres
2dff4c15cb99effe848ee5e4d977be87,giant_schnauzer
2e007b1898639501474d2199a46d7c93,brittany_spaniel
2e032b14b41870f4d30a2387107c17f0,malamute
2e043a12b2f9674868d8a603ff3d1e7a,silky_terrier
2e12a041054c5c5224b5975813bdc419,staffordshire_bullterrier
2e153ac08edd067a1dd998dc64a3b62e,miniature_pinscher
2e3a303f1eadaadb80245424f314bbdd,toy_poodle
2e3ef941c9d921bf18607e5930f548ee,mexican_hairless
2e49b9af84950adb14509faaf6673d8f,bluetick
2e585973e78b96834a6c980daa251be8,italian_greyhound
2e5b4c6f9726836a3f96f507926f329b,cocker_spaniel
2e5b72a9b07949b8841ea98acab0f459,ibizan_hound
2e634379a5b192e0f272ad10cf708354,brabancon_griffon
2e6352e225e1699aefb5a460145f5200,toy_poodle
2e6db85e0641e14e0025fe7f0853fa89,lakeland_terrier
2e6f6bb5d474cbb03319df125832e1eb,bedlington_terrier
2e72be4f088bbf9071d28cb6a0ddf0fd,pug
2e7bbac9b93c30169f2cfca57bbf1d27,norfolk_terrier
2e8000db9c4faff01a2ff7d834f8b0ff,entlebucher
2e86169579fd6e8d1b5028dfe4e2b53a,appenzeller
2e8abb5831a8dbcbe58d4f53c20b1478,curly-coated_retriever
2e8b303be3212d4085e30c5e0b062c1c,norwegian_elkhound
2e8df776be90cef2e363474dccd92cbb,welsh_springer_spaniel
2e9b376c5f63e524a6127db865476acf,bloodhound
2e9be023f054bd4139ea30d699008be9,basenji
2e9c04fbf919d4bc2222a64fb15bad75,airedale
2e9e96fc941177ecb045802c53b8f368,chow
2ea0a5df97a6dbd3a5cca32bd442dbe9,australian_terrier
2ea147dd52c8e098ef66317a091fd8a8,tibetan_mastiff
2ea7b5bd523c32ee7d66a8c65e9c3931,standard_poodle
2eb1bf4abd7d1b7868afbf0328597108,leonberg
2eb3b65b71b57828b832a7ade0ab33fd,standard_poodle
2eb4b684bb0708cabcbc15eae72a539b,newfoundland
2ebaa578b5b4680c56ffea593b53cc75,saluki
2ebd03cafba22edf2556cda2a6759e19,toy_poodle
2ebed4a14973b0211b5802b15a3bfcf4,kuvasz
2ebf9f6ed8dbe3c348b809987f8e0c02,curly-coated_retriever
2ec08fcce1e1e8a126887620cd74942e,briard
2ec0a4f923fe7c039a74a2e2aa0b0152,norfolk_terrier
2ec97036f595eedb9211436195abc0eb,ibizan_hound
2eca4c81f5fa27c12429e2f7ca14dc2f,newfoundland
2edc0a97b26c976df89f7a3a265bd62f,vizsla
2edf411313ec000b65f69bff28cfa762,weimaraner
2ee404ea374b264dfc4f47bac97190ea,groenendael
2ef93eb821c740c6e9ac2b2e97f58445,bloodhound
2efc1bf43b1e4beaebae74f0cf80dc2e,silky_terrier
2f134ad25b7f825ab28eb2a5dba0c638,scottish_deerhound
2f1507bd33b234550510c5a0e89a2b34,brittany_spaniel
2f2a1a2a5079ab84baadbbbde66d98ef,basenji
2f3b3980e2fba1cef5a5ace5dd1c5b52,shih-tzu
2f3c1a9187f1efa78606e9bef3840d40,labrador_retriever
2f432283bf8a77033fedf0cd4ef52244,italian_greyhound
2f471b2057678001f20f70da691e4c5b,afghan_hound
2f4951f25cdab229db36b7a2bd0487e9,english_springer
2f4a4f7881b5bcee285cd7a09fcbf0d7,saint_bernard
2f6c917f95bc218126cbbe94da0aefba,scotch_terrier
2f7261c1e0c61ae426287c0795740889,schipperke
2f7537cddd67e8464b394a765a05302d,beagle
2f75ab25f6c6a09e892137029497b06a,scotch_terrier
2f7cd312a36c63d9e041c4b1ff173ba6,sussex_spaniel
2f811d41fd9d4195785dc0f65c26125a,rhodesian_ridgeback
2f812a0cb6977bbad1a167e1ef4ae2ac,gordon_setter
2f820fe3659cb09e5003d37cb7853ea5,pekinese
2f854899d933d9cbb9d262fff843dd8a,irish_setter
2f946a96b0d3c0f43950cb0792f28548,gordon_setter
2f96d6cc11dc5cbc7c1975bbdad56a57,bedlington_terrier
2f9dd5a6497e3dff263298855976a031,papillon
2fa7759ee1c0f54ab691f17fde66d56d,mexican_hairless
2fa8fae1069fc7bebd124bd3800405ff,shetland_sheepdog
2fbc63eebd9fc879ca74f8544e3572a2,irish_water_spaniel
2fbd0bd840f1b4f80656d90fcc6bcfd5,standard_schnauzer
2fbee06d34d96db9d521eae6b4765a8f,silky_terrier
2fc032c423cc3cbd2895c02ef59d7f1e,toy_terrier
2fc7502eeb040b3a30ef455fae1dada0,basenji
2fc7536c676677e13484ad20c78d8e30,papillon
2fd1990cd4ccd5179b1c598355e62b16,vizsla
2fd760238f5a77668218f0c90ef4793d,chihuahua
2fd9a6a052c866a35b8aeeb89ca727c4,saluki
2fdb41ae313a153f50d7d8b48006b98d,german_shepherd
2fde20eb9c645c02a583ef01ebce6374,boston_bull
2fe74a068357a3639a9d0f911864089e,staffordshire_bullterrier
2febdc2d2ada6a4a8b5bcfddc36fe8ad,greater_swiss_mountain_dog
2feceb226784f92c130cb91acf8241b2,pembroke
2ff175cc4d851df4680e91bb62daa810,giant_schnauzer
2ff404cb6bdf5a20351b3db40a4584ff,basenji
300046cfce50820c7fbab9b0641c6485,komondor
301fb949886c8094871367296912c6ab,giant_schnauzer
3025810bcca5ca4b08129be3736d2824,shetland_sheepdog
302787e28465a9b52f421de708046251,kerry_blue_terrier
30298037be3bcc4f1c2798863d8ad579,border_collie
302b9eaf28568bdc9367411b52899b93,gordon_setter
302e4507ef9c5ba2c0b26ab890cd250c,tibetan_mastiff
3031dcb1d296c3904655ad0e2c6ab9f9,pomeranian
30387c787edea41ec448ac6bda7822cd,borzoi
304e2211dbfa90d7d5818a53b101f397,bouvier_des_flandres
305353c76f4015cfec3e6133a7e8406e,miniature_schnauzer
3059a265274759f6a68a553bb3ed865f,dandie_dinmont
3059fbaeedc24475e4718ab8f6c4a85c,border_collie
30668e8d4c74c185ef86f86d9ff158a4,japanese_spaniel
30689ef48fbe62585666a736971ba208,leonberg
307849bb1f79442bc19e0002ebd3763d,toy_poodle
3079b03c1a9b9e2b986f56f66f1f71a8,norwegian_elkhound
3080efa03445466395920dcc8a3dd7d4,chow
3089b705b3986ab9b5071ca7283ad9c9,standard_poodle
309bf67309851334acebe0003c21b180,boston_bull
30b2ee18ecfaec6db490054a4555d40b,papillon
30b36f084d553f729147c3f344fd9455,old_english_sheepdog
30b62336313d7ba5eee9a0a00f25d976,weimaraner
30bfb415b8dc2a559ebbc259dbd6774b,mexican_hairless
30c2c1c75e271b8baae54908bfd8e98a,boston_bull
30c517ade1f44b96635930c26430fc5e,norwegian_elkhound
30cc04c702cd9f7134e98ce1ba9e6aa5,sealyham_terrier
30d066233538aaa0830c0c19d28801f5,collie
30d54cbd3a88a8473ade8028cd1f2378,appenzeller
30d57ef720cbd0cf3087384bbc9023e3,norwich_terrier
30dd03d1b558bc072215c379d4af65e4,otterhound
30e13c562674d156443f1466a7a219b5,lhasa
30e70f0309eeb142b7b6c74f938f0d6a,rhodesian_ridgeback
30f2346a18ad08659cd3c9b24328a60e,golden_retriever
30fa2ed07d72eeaeedfbf28b84400978,kelpie
30fd3e37a841d7aaa4a61e145226354e,brittany_spaniel
30ff784cea2bfc2a6df330f58e781b98,boston_bull
3107bca519211656b3c077050e58a3ac,yorkshire_terrier
310a5af12e380c91639ed150f10616e4,eskimo_dog
31185791c9fcfc7ccd969fd08754baa2,bull_mastiff
311e99a9c864d77231937854e77cb329,tibetan_terrier
312e131f7bd0a24c7c5766adf4932d97,boxer
3139e84651b1d63dd6db10cf5a561faa,dingo
316804f6ff4ba2b896ace6d522bab030,weimaraner
316e0911e624973352370308c792e060,bedlington_terrier
316e8b4fcdc6937baf6680b4596d7d07,west_highland_white_terrier
3170c7b0f1c78955cfcc94c14182c174,maltese_dog
3178e11aee69979049dfd339931fe94f,blenheim_spaniel
319d31cd075dbfb583d1d9a804b8bbfd,rhodesian_ridgeback
319dc76df7443586b9142d51abe74acd,west_highland_white_terrier
31a133a9110c151f40464e3e2915030e,appenzeller
31a289a5fe76268b30549c8477a3cd68,black-and-tan_coonhound
31a7e1dd52e2fdef50778e8569788d1d,papillon
31af3732eda329b4d34c91d5a4fc69bf,dhole
31b6ee728915433aad07164838e20a55,yorkshire_terrier
31ccbbe1496a6d439fd5a403e04e8329,saluki
31ceb3788539e33a6f0b29c5feb194b4,silky_terrier
31df4ead5c593ad0884cab68f5037e8d,soft-coated_wheaten_terrier
31df75e2a1d79312fd7bb51b15992c36,border_terrier
31e601f31083c351652f0d96c5fb7dac,airedale
31ebb4edcea0fb3e418f339c21fde69f,basenji
31f6d961f3cd23bed7eb41149d2d95f4,scotch_terrier
31fd242125511aecb44e810378c889c7,west_highland_white_terrier
32087d5446dfe75c2c25bfb2110b2f09,bouvier_des_flandres
3210707d7fc78b83f2394140162d44c8,yorkshire_terrier
3218df2f90a507530be3f1c2a5b5d899,giant_schnauzer
321c29eb5ede8bacdd8b3a6eb1ebafc6,miniature_poodle
321ec7b5b262f92282b17618ef48bf49,vizsla
322068ec9053585edd2ccc29228b08e8,giant_schnauzer
3221e5efdac2083138d4e5e4740778c5,toy_terrier
32249ae4f7590aede350e2b08b322ac4,affenpinscher
322ae8b57db468bdaee8f450e980cf8a,chihuahua
323e6e009ca300b37537df232fa8b734,flat-coated_retriever
3242d85b5761708a8ce72d3ec8130307,irish_setter
324759773574e9bd6d6ba9c58e1550f9,cardigan
32577d03b64bd440d7516f1e9be2fc85,yorkshire_terrier
3259144eb85ec0d1b2195ae9f48ec28d,bedlington_terrier
325f0813e1ccde303381ead5ace929ed,welsh_springer_spaniel
32687ef4d0dfb167dde77f57c484cd88,brabancon_griffon
3276746904f57c4fcbb794bbbb27e7dc,flat-coated_retriever
3277f38f725f3cbb5e57c2f970bc7431,scotch_terrier
3286a5d09fe247fee4e99bf1355b1a40,chow
32892307155e3ce2348f6803c7c908de,saluki
328ebf98d9f0bf5dda5923575318ceb3,miniature_schnauzer
329cc823101c76d6f7c066d05f02d5e2,old_english_sheepdog
32a0fa176c5f069933d4ed4f4088e370,chihuahua
32a621c751219cd0abf1fef7a1ec7972,ibizan_hound
32a7ae16370c7fe6165a20b007328f6c,beagle
32ab65ee3e4b01bce8855669efab8f27,soft-coated_wheaten_terrier
32ac35b5880e74c39a8e040db79616b2,weimaraner
32b852643fec583355fac9d95aeb37a7,norfolk_terrier
32d033e45db00bb90ce1b53589116de4,cairn
32d153d9a9f5bb956bbe0df38de14982,standard_schnauzer
32dfc20fe34591029efeee830255eb06,japanese_spaniel
32e81ca813ca4a419aa3937203c3791c,giant_schnauzer
32fdb53b8599afaa5250611473f8e5fb,entlebucher
3303feb629eef7ee44f6398c91745f73,australian_terrier
330a44b4ddcd32f30fc5213dc8839318,great_dane
3310899b87958d80ff6b668d77144713,bedlington_terrier
3314b0fffcfb79c73c9a1019bdbae7c5,whippet
3314ba029fe8a717f6070cd0bd7f0584,cairn
3315581280884083da36c91a13a13f52,briard
3319b9107fe9b74435a3248c8a6ab691,walker_hound
331c446e4c16a94020a99e2c934ec9f0,american_staffordshire_terrier
3322c459d355e77e659cdee729c33aa4,kerry_blue_terrier
332c413119b474653ecca0f358c85e1f,giant_schnauzer
334275bbdccd204508bae4af26b46136,ibizan_hound
334cc7dbd706020847af9b0a5b4310b8,bluetick
337502285c0efd151eb657d7962b4762,labrador_retriever
338359db9986698fc89157f62dbd617a,newfoundland
33841dc1479dadaf29b7d2c84fdc7ac4,lakeland_terrier
3385d18efca5d71b1eb82c395bd01b95,african_hunting_dog
338fd0db2adb32cc652a19f6a5c4bd14,saluki
339b364c38154241070ef70a6769fbed,australian_terrier
339c285a763d61930b7c157c58a733f3,dandie_dinmont
339fa08471500590fd72a9838d929e71,collie
33a255a956f02a591865dbe9768eff77,boston_bull
33ad312271f19a8a37a4954327bc88ee,italian_greyhound
33bac6585e1091787fb37e3bd769984a,saint_bernard
33bed0b3d39633e869ce50873d22ed3a,rhodesian_ridgeback
33bfdc291f229759f2f93edd86125157,whippet
33c24b1ebb9ee4c6b2714cac928f1803,dingo
33ca93ae41a388e66586a7795fef8650,great_dane
33ccbf132cef20c28a65ae5e44defd58,miniature_pinscher
33d3d86055b02fe7f097e3654fd42d3a,lhasa
33d84db8872f7ba0877f868a0b341554,brittany_spaniel
33dfdc352ba79dde3df2f4322e5ab964,french_bulldog
33e1ecd5e1a3876985f9277080a4edba,kuvasz
33e5c8e3053bcde9a4590a7d177f9175,chihuahua
33e5fdef03e2fb25829124953115375f,miniature_schnauzer
33e6e9778f204b714e7f205b6830da7d,pomeranian
33ea902c5831dd6d3fca19b1a9a97da7,miniature_poodle
33eda21da257971cfece2914b32d8643,shih-tzu
33f05bab649dca0c65d9d7abca8656bb,vizsla
33f3cb6da6396ec8861e877dc30b5b5c,collie
33f3e216d70fbbcacde39cbeaecfdfa7,brittany_spaniel
33f52169d9932726bd9436603b477d86,beagle
3406ba0b6a71aecf53fe7122fa747b59,afghan_hound
340c4cfcebbf57f876f5cd9da759a5d4,irish_water_spaniel
340c5a6ff260c7896682730385a8d337,standard_poodle
340fefc7ed26ad3ec072944df5350094,papillon
34101ff33a2a390ee7f30859d21c75fd,weimaraner
34117f0c3c594ec76e078a2bf208c10c,saint_bernard
3417f5bff1abe1f89a98a22d8fec04d8,welsh_springer_spaniel
34269c1c995862b1c45b09f8117a2d5a,labrador_retriever
342c263550c5aa28659d8aac3b5db023,kuvasz
343604bbbd216f7810e5f4600f469ce5,airedale
343c79b4abb43a96fcc8590cc95a6142,pomeranian
34406ae34e0bda843981a62f7bd6b396,pekinese
34455076d8d7c9e83eed6cfde1e29670,airedale
3446be33d82896c0f17a2fe163ec287e,welsh_springer_spaniel
34477dd85d981cbc58da5a6704e4c27f,samoyed
34522d22eafcf06f3f740cdecef11f72,komondor
3452530c98c5575462f66181d5c8ae05,pug
3455f0cb647857d2504b08ad459d44ee,scotch_terrier
345bfa49a83d1bc253151729b951b589,brabancon_griffon
345d27e7013c21cafbeda5b20c1f80a3,japanese_spaniel
346b6652f1bc74e39346e0e979b4b4d4,maltese_dog
346c9842d580b40bd7ca52d4095e3ea4,boston_bull
347db53f4b0d597d88d25e6a96328cc9,boxer
34820b973423fc13032f76cc9430ad47,sussex_spaniel
349c2556fbccdb0672d63ebd0c2beaed,brabancon_griffon
34a2e0cf51238ef0227dd59e03b05987,saint_bernard
34aad1fd93c4dd674fc8c77d6ba5e03a,great_pyrenees
34aae33ecbc1652660ca2640d5c7e566,basset
34b1a312ff8f82f428e89250e3819be3,flat-coated_retriever
34ca4e5a95bf09f623da63f4d566eb19,great_dane
34cad3808556bf37897242235e11fcc4,irish_terrier
34cb18fd7555fc6c0cbf497742a09f42,otterhound
34cbb550d54848f97181e3c041761211,brittany_spaniel
34d8ad64ceb334cfd5ae3e024e608441,american_staffordshire_terrier
34dd240b3f30afd9d5342169de17f833,standard_schnauzer
34e117ba59c3244382726f68196b0ecb,norwich_terrier
34e4e0e28728d8c98df1884eab8375c4,scotch_terrier
34e5e9ec00ea38b9109221140042a8fc,pembroke
34ee442140822118a00578e010524641,leonberg
34f1d01a191a52a73834dad434481a8b,whippet
34f88e2c07dd86d88988c061b7dacd1a,malamute
34fc5c4709c9d815dbf4b78d4d816d10,standard_poodle
34fd564536bf36b1eb64b7861f13e3b9,dingo
34fea915be06e32d18061ee820c4a306,leonberg
35108a65835b263c9f0bfd5b74d9d332,eskimo_dog
35135a0c8a76f301f5b50b7b570ce974,malinois
351a08cd2b2fca3a3f57cf4007857231,schipperke
351f02bbaa4f24bad17cc1e83c39a0fc,siberian_husky
352893b9735e64f4b0c4faec49f88b0c,dingo
352a38f2e08a6e001ecccc15a826c147,cardigan
35352f6bd014db23ee7c61a9e73c9910,irish_setter
3535f0697cdc07a7206240c575323065,dingo
3543369eb16354d73ec9a6adb0b69e1f,leonberg
354d0d202926549c7932f012ac752a4a,afghan_hound
35581b79b8389aaa4e47eef7f7cf6857,bloodhound
3568cac55c6785da3ae8ea575e46fc7d,bedlington_terrier
356af0796a079ee87656eb7b25fbf293,chow
356c4208d3298e914c96d6de56328334,samoyed
35719cba2214063cd39e9ab59c87aaf6,sussex_spaniel
3571a97bc52cff6c31cdc7aa8d9f0617,standard_poodle
3596f16877c795885a6ee68c5f149a58,eskimo_dog
3598967efffedfa77027eebdd16f4ef0,malamute
359a64c4efe3a9b90ecb399934a06439,japanese_spaniel
359c6b6d253414c0bbb98e37a0933df7,labrador_retriever
35a0bcee4ba829dfe6806e31a8337ed5,malamute
35ae06a64b2c3efdb34349fef73bc726,papillon
35cc113cc5807a081a22317ddc0e6861,irish_setter
35d6d29d3db9cb7636ac49f960c3a0c7,cardigan
35de6afba5628a315910380be1f74c57,german_short-haired_pointer
35e3f1032d5ae454fc835538f58ba6fd,papillon
35e495b1de348a81e9c64f929de8beff,standard_poodle
35f3b4e4d718f399667ecc02226cc502,great_pyrenees
35f63ed3f8103464956787f28cd8e74a,kelpie
35fbb975be078989d1c17d66ba16b6cb,shih-tzu
360402a4c41e0979e1f6d8b401e676a4,mexican_hairless
360bda660c0771a91f106602d35cdd8e,dhole
360f34d53e00c3c6ad0681df0c176bf7,dhole
360fe18d056f413020ff2fc88f241a51,beagle
361ee0c99407378068cda808e3bed19a,japanese_spaniel
36236e6d217cf1c81e7618c4a85d1acb,tibetan_mastiff
3633081b1227b64f76d35d468acdf81d,american_staffordshire_terrier
363cfbe14575417ee342c93d1864f727,dhole
36436176c0b88c0bdf1c91c5b642d2ff,malinois
364bbe6fb891f50e904613581d6cf3ac,chihuahua
364e1ca0381f4ef1a78a0bc0d0e80bf9,border_terrier
365020fbc3a02a725b3a682ef6899673,great_dane
36532e771dd855b06c25e8f14283daa8,brittany_spaniel
36549cf287a833afff09821e55a923d8,boston_bull
366bd5a3738a9c21d504c8154c957e58,entlebucher
367eac45f0bf515a1e40fae2ec321923,giant_schnauzer
367f56ff7a3beb336ce41cbca60e4eb7,kuvasz
36910e7d2411ea0595b590564cd1a473,vizsla
369b617a81c09d79ac0d9d85f3907e22,saint_bernard
369bd2e5050a6e33754ec28a657e5f4a,yorkshire_terrier
369f1231c318aafcdcb56a0cdd63b5f0,appenzeller
36ac34022ffb68a36b6629a2da9fc749,german_short-haired_pointer
36b5e85c07a980914b311163b9f87404,appenzeller
36b6be29fc246ceb52d58ab01584773e,pomeranian
36c15b6af1207f3fbd83aa695f342711,brabancon_griffon
36c1add2344fd41b7a73e06b61727a64,otterhound
36c8a8c901324e0c34db896724abec3b,english_springer
36ceaba7a4368d3801d874f2e7dca3ad,great_dane
36df2789dc1b014cc00a978e72c65f4b,keeshond
36f76ae74fb4e8bef59075574251a922,newfoundland
370c9147b17e9e55e645a5c0ec21dcda,giant_schnauzer
37163369901ddd0c61ae081fc9ccc53e,kelpie
37199743586b00ec5ade96f512f41284,italian_greyhound
371c31284ee558e36c03ea3b7c3a0afa,miniature_pinscher
37240427c3c54b9d5a9f18982d68ec18,kerry_blue_terrier
372a1ff10fc425732b742c4f9ae13db4,miniature_pinscher
372d0f4720ff972d9331b6caf1abf5eb,border_terrier
372d8fc70a43192932945e1431c1ba9b,german_shepherd
373cc94717c239adb17c67421fa6d73a,german_short-haired_pointer
373cec0fb775bb48dc1ec3d491bf8be8,wire-haired_fox_terrier
37441b5de2663889de466c41a8f87a94,greater_swiss_mountain_dog
3750b67c94da830ec97545755d316a2c,kerry_blue_terrier
3754788b83c7dcf9c0a6d5a7f2905a0a,standard_schnauzer
3755a414ab32ec712f2058cb6dc47d04,keeshond
3759477c2764d4e01d44d5be03b917f6,bluetick
3760abb0f26801508f64c4a22759d4a6,whippet
376b8379ebf3bc400727cd04cd7d497d,vizsla
376d3388571f462cb7562db11aca6371,entlebucher
376e1408f5523aa335c058c843eec857,blenheim_spaniel
376f8d79fe596be2469c537e60020cfc,basenji
3773d21aa21c6fdb06a9f5980dbb6784,cardigan
3774d4950b5b604fa3aa3de74e6c1c85,miniature_poodle
3776e1790a2645dd958934986e710a36,ibizan_hound
377c941b6884717dfb825cfe1a11856a,border_collie
37888000eea904840be8c868875a242a,bedlington_terrier
379932cedeaba8c3bc3661a16560036b,sealyham_terrier
37a141d901fa49c2786efd49be9f85a5,sussex_spaniel
37a43a4d1151150a29caab12c0ff77ee,malamute
37abbc0cb6080df35225379caaca5bd5,tibetan_terrier
37b5b25c181eb0c2e15d2c26f39695a4,italian_greyhound
37b5d37070d1d054d1879e923775a1a9,bedlington_terrier
37b5ff23f0fbc4795a3bbf720b9ffd06,wire-haired_fox_terrier
37b617c8586566870ef2fb65fbec59c0,english_foxhound
37b94832dd76b088295aed75eb06a7c3,great_dane
37b9633e115cca01282b85db6f9ea20c,doberman
37bb10379fafdff135f71ac489434f2c,clumber
37cc1bed158bbb562c22682492d2673a,maltese_dog
37d05a8ceaa09cc7bbafa72e9acb7e01,norwegian_elkhound
37d64a9f655d5cba312871de55c3d194,norfolk_terrier
37dc6b7f49b757855bcbf64d7f203b5d,basenji
37de257f7c02f6c4d4bd6441d224c941,newfoundland
37e02d7e4421b6db765d08e4a4775406,shetland_sheepdog
37e0ff557ee62b1866140fce49c51fd5,malinois
37e42e634970f00ab6f6ca7db8239606,cocker_spaniel
37e96534152743e871174b98424ce638,bouvier_des_flandres
37eef53bb1353736a04e83538beb4cfc,dingo
37efdfba2aa0194dbf6a553dd53607df,tibetan_terrier
37f1a6d8a5a2e3929afa8bdfc47aea2c,rhodesian_ridgeback
37f351d4657a5d7420bb7b146a6672e0,scotch_terrier
37f535c853a2d1c0dd13b94e9545db81,scottish_deerhound
37f5b7d8210e9e601e52097297372ed6,komondor
37f606ad9055e319baa52d857a30dc89,basset
38041ed0cab315d037a2e79dabd7fa6c,giant_schnauzer
3807ccdfc499c584fdddb3ddef65f8af,wire-haired_fox_terrier
380fa4d08f0f6134e10436c6226176f1,saluki
3819208dd44ea6101beca5de80e2bad4,old_english_sheepdog
382321aa611762ba588d18d3f826db20,bull_mastiff
3826c9b17af94040d0fbd7a334f2d379,whippet
38343daa2a67c48067f0f5e12a95aaef,greater_swiss_mountain_dog
383a4848931aa3c6c8ba315bdb6ed4ea,pomeranian
383a9cc4522b7776d520fc30d4fdbaa4,siberian_husky
3840bb3ba6180a8d42540061cd28ed18,chow
384b73fc513c14ff4f72ad236fffee3c,newfoundland
384de1984afb60c19cacad0df9851260,flat-coated_retriever
3852a02cf19ae4141fd6746037e85cb9,greater_swiss_mountain_dog
38561c8b2f9f72d03c960e9831f9663d,standard_schnauzer
385b3e25cd3148633576070e2c10969f,weimaraner
385dfd666f34212de5fee77893fad23c,standard_poodle
386c700bbbf89c2aa068692d83e3a6b4,keeshond
386c91e7a3af342c031aa34fb1bfdf4b,norwegian_elkhound
386c9ef54712d0218980b38219378ac4,great_pyrenees
387603961b4002a45c703147e086760a,pomeranian
38770f3ab4151fd8ede7c924752280b3,saluki
387ad9acc7b29f2f25898dc06e8d2fa9,italian_greyhound
387ae4422add8a82e27f14da3b778a5f,saint_bernard
387ae89153da8b0171322ab0cd54923e,boston_bull
38882b8de9be438399a511e6bd619268,giant_schnauzer
389170dbd339b95acb9e1373da77f2f8,pug
38951e331273ee506bec2c64f2884c79,miniature_schnauzer
3899b1e797951db6dd2a9050eeb6668b,chesapeake_bay_retriever
389a47f1a634e7f679c3101190c6fb99,irish_water_spaniel
38a0cbc1b798282e5ffe82a3954a249b,scotch_terrier
38aaabf7675b60b866cb632ac65f2061,entlebucher
38accef30bc7b0158d588788b489b8d2,english_springer
38c42478e53e2ecea2141ceb5c862587,bedlington_terrier
38c5b9c06dd0345604cb1a818ccc37e3,groenendael
38cecbfe51467a21d5b72eb58efafab0,pekinese
38d2daf4881ec2e5860e91fe57d42bf3,bloodhound
38d35ebad2ded36e23d24b39d9be2297,beagle
38d6bc0651588a0a04480b918934a8f6,keeshond
38da992c0b9fbcac4127a80fc70708fd,italian_greyhound
38df8edb78febdb8f23253238cce0ba9,siberian_husky
38e4bc2c69d8e5a3abd387f3707d86de,pekinese
38e9c2d8f4f1a26685e80adf8f1b927c,affenpinscher
38ecebe27257f12dd04dbcdd19b2dad3,samoyed
38ef9e4d9065f4d8a7efd44d0f83ef08,standard_poodle
390c0430ed5d9f8a4e1ad583ad4425e1,english_setter
390e3553bc9a78a516417aba1fc27cbc,schipperke
39100e5819539a8b3418e907fa51426d,old_english_sheepdog
3915c90aa4d23a5562accab744902269,newfoundland
3921fb28e2fae3bea5f85db5c84df8aa,black-and-tan_coonhound
392bf4eb03d90228e2d37e42f36837c1,standard_poodle
3931f792d35e57b6ed52a99b52f4eb2b,irish_terrier
3933777a5d6e170833f1bd46c6347e58,chow
39483e8221f9e7455abcc9d0097688e5,mexican_hairless
394a34d5fa5e571ce435958562a90b88,blenheim_spaniel
394f3a077e3ac73dfc602f9e1f7ce88c,chesapeake_bay_retriever
39514cb6234af581c66848d85b086cc0,boxer
395fb3d2990275545cc6782d9c89b3ba,german_shepherd
39625c8e9173a6175d31079f8b9b6b62,miniature_poodle
39669e1abaa9c72b3fea8ff81d115db9,dandie_dinmont
3966ecc24f8fdb1c47e5ff7a8d73de97,irish_wolfhound
396a132b48c846194d4ae2e2f2f3f1dd,blenheim_spaniel
396ef6a16b8640e1e5b69f872540776f,australian_terrier
3976ced5b536c12b5f9fead049089575,pomeranian
3983d1f47481aef151cf57b6a7d20760,norwegian_elkhound
3988b5461aeef5f941ec5fb16efdba5c,standard_poodle
398dfd60791dde4f6e638d8a812325dc,french_bulldog
3992fe6af13ed5db7e478c6bf95f1fbc,clumber
39936b01d218f295dc596036c94afff9,komondor
399a106d356857c6fe694c8e84a9ed15,lakeland_terrier
39ac559ad28d6d469d9fbb6215268727,norwich_terrier
39b9c151e6d6a50cc7c917e0d8aa99f9,newfoundland
39bc999339e2e389c67e29838b5b1e68,american_staffordshire_terrier
39c09b7ecfddca047dba2f8b088d1b57,irish_water_spaniel
39c48ed253bf29d886f69ecaf34f9e6c,silky_terrier
39c5e615487052820786779d4abc637c,italian_greyhound
39c678ffdaee17e856ee93ec7d4644e6,old_english_sheepdog
39c6c625fdbd108321af967a0f56a345,japanese_spaniel
39c8a366b73c2fb4e6bf47118d650205,australian_terrier
39d7f3254066edb6df718e503ab41fd4,briard
39e1aab6d5d5b6b645fd36ca0be245b6,leonberg
39e5840940279dc733267c3f246d9fd8,weimaraner
39e60de9434ac684f2b204378ed5126f,samoyed
39e6500353cfde17225e01a9f9f63d74,bull_mastiff
39eb055caee27cc3110ad26459fb64f9,boxer
39f5ee5da6ce1d8b05f359c7b2b852cd,pomeranian
39f999e1fd418a58d101ef65ef51d3f4,standard_poodle
39fe853bee715a664a4e8c359ce1f070,rhodesian_ridgeback
3a0524c220627808889a61ad7a9da475,basset
3a06c2bc81ca093c59de497d7bbef5aa,bouvier_des_flandres
3a0a6ab81bda742b420274ff6ca3ce0a,welsh_springer_spaniel
3a0b757fe028356e4a80e344dd806970,doberman
3a0cbbcf1fac49304a94facf44f77196,irish_water_spaniel
3a1eeae505c9fedcfd97d3eaa94c3c66,groenendael
3a21edf4b9cdc5fd87e15831cd90bf48,norfolk_terrier
3a2603cc09e33589ac18ffdb646468db,norwich_terrier
3a28ee83b338612d53b7c073e9c19f31,wire-haired_fox_terrier
3a366ed10112bd65d58d76ab2ed5a1e0,miniature_poodle
3a36af8136011500b89c3352d3ff40dc,pomeranian
3a3813792b87e0288d4ecf70be27bcd5,borzoi
3a3d8942f7014c126c0c1bf176d0d1a3,maltese_dog
3a3d8c875f399ecdeaadf1dd37b9de56,siberian_husky
3a3f1ff7d7106cec6a53315743b0da37,kerry_blue_terrier
3a4b419500915f7dac203d626d1d6061,kerry_blue_terrier
3a541ec3eb3e077d72acf2f3a28c2148,soft-coated_wheaten_terrier
3a5a022ca82563b3a3f558e627936962,flat-coated_retriever
3a5ee5179351ec35c761ca460a6ffa20,pomeranian
3a61bf86888f00496c9425b305a42a60,irish_terrier
3a63a817b357f2c9bd3e894dd154fa24,boxer
3a896e59b44a11f008113c6c8fd1cd7b,entlebucher
3a94b64ab98187ca8dd44756474a9fea,japanese_spaniel
3a956aa2225525665b22990bcfc4ad66,tibetan_terrier
3aa370b64d9212e2c8f46ab17ee0857a,siberian_husky
3ab52c53de2d5938989d18d1a3248a1f,samoyed
3abf32c83667f356c2f38994e0477a2b,briard
3aca4fd016f837639d9bef30571fac2a,komondor
3acec69253bfe2d91703118c6fe4c006,tibetan_terrier
3ad193d212c34fb9e5c77a1dfc99efe1,curly-coated_retriever
3ad79928c45be8e357816dc1ce708c9b,keeshond
3adb3fb45e6331c8905cb6cf85db9f11,airedale
3ae7559ae8f1afcf304224497228ce8a,appenzeller
3aeb1ff6b2f28b0ee81569932a89a5b5,chesapeake_bay_retriever
3aebe0afad42ce5d1c29472050b67380,borzoi
3af26e391f207a075751b2465ef2f09c,soft-coated_wheaten_terrier
3af48e9cc72eb4faf15eb348c741a676,bouvier_des_flandres
3b08d55f96b11b6121082304b579ae91,giant_schnauzer
3b0b69e8d38e9fe21d2a3a528695bb44,mexican_hairless
3b113132e805de2e4826f4c7c0290572,collie
3b12048d020041c45c17515607f11ffc,french_bulldog
3b1780ab4f601495daf2442fc60b5a38,great_pyrenees
3b195e9bbc39cc77ca0b86f9a3fb468b,tibetan_terrier
3b1b257e380f47c09ffc4f4aa7011a2e,dandie_dinmont
3b1b2c26477f0d45ad851940685d1928,yorkshire_terrier
3b1c9294433f37b1c13c84ea74f08d67,schipperke
3b1f4ba30065e4754815619a7dfc4694,labrador_retriever
3b203ec8a73be8cc1bce1766abbd9f15,japanese_spaniel
3b212a502cf9cc40f7b6feaaa41a6032,curly-coated_retriever
3b240f25a4c5fb081c84e74398920991,beagle
3b266adc845e74ee438f2a67e57938d1,japanese_spaniel
3b2d3a1afb6c10120ecb6ad99fc6af52,miniature_pinscher
3b33157b4a26cd2e1609e4be1f1c2a81,collie
3b38d42e3bed509b8f3c17b6f0c9027d,irish_setter
3b3ab97d636033d061d1fa2e18118f20,leonberg
3b3ae8c92f704bf449ea4bc61866461b,scottish_deerhound
3b3dc6881003ac59ecc5321adbaa9350,scottish_deerhound
3b4cec19f75467e3c972d2e300d489fe,entlebucher
3b68257442e2a4486c4bc240aaddc8ba,bouvier_des_flandres
3b6a661284c0a49b1e7994182f532bdd,tibetan_terrier
3b6e352b98a028684231b26e0b1398f4,irish_terrier
3b8b463b6d1b40bde998896767e6c985,shih-tzu
3b8e713bd77cac3c4c0bfa228d784266,kelpie
3b8ff56bd0a56a512c330c0007843cd3,cairn
3b983d80630d25b0c303da2a511b619b,dandie_dinmont
3b99d6747abe01268dccc31e40b862d6,sealyham_terrier
3b9b24bb3c03a85c0926bfd26dfd6d8f,weimaraner
3b9feabbfc7d1858fd643ebe98110e9e,curly-coated_retriever
3ba209acedcab97fcece8095c54c11f6,old_english_sheepdog
3ba3e52876f1eaf0cf3f011945a6bf72,english_foxhound
3baec795904e1eed9c6038998bb5219d,labrador_retriever
3bb9ed6e36c3a0750b3c4c8957574f61,standard_schnauzer
3bce79e38c75a511d7de6096ea16c8b2,bull_mastiff
3bcfb0bcd983a298aa63e5f30e7d2e65,sussex_spaniel
3bdc7d098a96d40314cf7ed50b83501a,cairn
3be3789d4ba0872fd42023805faf0af8,african_hunting_dog
3bf6ea9d17fe5de4aca62de26ff38071,french_bulldog
3c00e7b9995f27cc4c578f9c6a6a0a02,siberian_husky
3c056788f5b2e4ecc500a5ee17256a0b,english_springer
3c065e008579b47bb0dc587a423c4233,old_english_sheepdog
3c0da3fd19060310581ecdebc356402f,welsh_springer_spaniel
3c1461a647fe9318acb8d3969f6f6c64,toy_poodle
3c1be3df90b1a242325de9590db32ce2,doberman
3c1d462488d6c09476308492899debc9,german_shepherd
3c214c63de8e39e64ee608b779ba6676,ibizan_hound
3c24511ab85625892420d98292d6a6f7,norfolk_terrier
3c2b54572a0d76921cc45568129274ec,rhodesian_ridgeback
3c2c857fb2934a90c07dc94217503dc2,japanese_spaniel
3c2eb1a179557ed7e77ee6001f3d0475,french_bulldog
3c3ba994aa80bb46767cc331fb11b96b,lakeland_terrier
3c3e2f645fa36df8bd4d2b4b5168cdf1,maltese_dog
3c4172f7dd8d5c7fd9a7ef6ea307eb42,afghan_hound
3c41eb6d25d31b7bbd571ea051f4d8ea,miniature_pinscher
3c462ded2d4ede47ec9dd298d998cde3,australian_terrier
3c4a342c6aca01e2a31c03b072916fbe,boston_bull
3c5882c4fd539c6cd429499264011861,gordon_setter
3c65aeb053bec900d1a923a201c1f99d,irish_setter
3c66b664d8de58637b83e78643079428,silky_terrier
3c688d71041c32d4f5efb52c509f10bd,brittany_spaniel
3c6a53595e1cd63e63fdc166e4223606,bouvier_des_flandres
3c6ec531552c07c174a2fb1b2284c7e4,pembroke
3c75e138214ec62ee4a584050f110c5c,bernese_mountain_dog
3c88c3f8bd67f1a274395e845414b4bb,old_english_sheepdog
3c895e9fb6ca922cf0164da79fbf4a08,english_foxhound
3c8b026a371181f328fb94f5c133b21e,samoyed
3c92b96b64a7ce342411aa1cd0dc7936,yorkshire_terrier
3c979732ec5405de622c3d462ffab746,bouvier_des_flandres
3ca6b28ce9d3d1222acb030225ae244c,redbone
3cab06b69e8404ed0f90144ee4ef5271,maltese_dog
3cae98154910d0f518fa0f97c17900ef,tibetan_terrier
3cc8881795884439670f3b6722ad1482,african_hunting_dog
3cd5eb48795f7dbe2db2f83d451addca,great_dane
3cd858062b7932bd269ba1a8c1306bb3,schipperke
3cdc43ae16583ef5f41bf74cef666cd6,lhasa
3ce7e8f84d5e99cb5a90b4d94d7e1c09,weimaraner
3cea2d7afdafea2f9d8f9d92f329b2e1,maltese_dog
3cfd2e55e68f72550beaf0f0a071c096,norwegian_elkhound
3d048af542545494b12fd46c06bc5a52,italian_greyhound
3d07ed5c96d067aeb9dd2ebbc785aaa5,gordon_setter
3d0973463d32d5f5ba74db812b8e11d1,golden_retriever
3d160295116b1d249fef3690061dfcb2,dingo
3d180d390b32baf36478bc8599b3d8fc,siberian_husky
3d1efcdf1eaacd8419f95c92f6ad746f,kuvasz
3d22e354cbae687743a102e0cefcf6e5,bedlington_terrier
3d24ce4a94e4763049d60425cb3e75ae,miniature_poodle
3d40d6d1f7a3549066ccc34240099ff7,appenzeller
3d41348a5b361e3de483a09161df9a46,briard
3d426d7c9883152a3da0a4814600bcee,lhasa
3d4c13366837f64c6382dd4f1778caa0,entlebucher
3d5466cf27a4355616e775c2638673e1,irish_water_spaniel
3d5bc6122ef86b32e76b8860dc54e66d,gordon_setter
3d60e2cf5ca788f1d06ea58a123b38b9,collie
3d673c2e756e8c6b1ed4f10acce17f91,bloodhound
3d71b3ae8a69abea0041e32b363053bc,norwich_terrier
3d7405de56d708ac880ffb2626b95b45,siberian_husky
3d78ff549552e90b9a01eefb12548283,black-and-tan_coonhound
3d7942e85b2977c6298d3ff41b84e3f1,vizsla
3d82b3443139b274dc44be5ac4679ed9,tibetan_mastiff
3d9097ca79754c2864a6b835169011a2,japanese_spaniel
3d959b06c84553145a4d3da88bfa406f,airedale
3d9a5397333ad1023ffbf53e64be8845,irish_setter
3d9cbe5fc684107edc79f0efbc159846,australian_terrier
3d9ec1670bb28346071283c4d70b4fa5,appenzeller
3da1a4e6e24a1cdc360976fdc5dc6e5b,bedlington_terrier
3dadf4639b5bd63795aeceeddf9a649b,basenji
3daf75c1c5cdd5f6c6012c298b3e296f,wire-haired_fox_terrier
3db0e7a5251e46b32584100fe3327cd4,ibizan_hound
3db4ab710ecbc2fb444f083a3d52b3e8,greater_swiss_mountain_dog
3dc56e4859e15163593dba776fb2b72a,saint_bernard
3dcc5ead3d3ba4568c74c0858b8ba818,dhole
3de22268038ba51622b7ee71acae3c14,miniature_poodle
3de435c14552b8952f64753a5d6fd615,irish_setter
3de4e3687f3710d2150962f093ccc2dd,english_foxhound
3def41b57873b6e64537e9be6cf9b023,maltese_dog
3df415bc01f498cc5e09b59df9ad2fbf,bedlington_terrier
3df5455f16086f057418ffe837289b8d,bluetick
3df5d07bc814c7d1805ea4842ead9819,redbone
3dff9244af2b9668a99c01f053b4d682,lakeland_terrier
3e037b3c7265bef653c504a034607889,lhasa
3e0a4d4a13e170d406d4e48aee99fec1,whippet
3e0acf21aed098d76ea82f554a2f992e,chesapeake_bay_retriever
3e0b102775b0ba35cc9a8775e3a1cbc3,dingo
3e0d5afedca0d739664ef375e0ad9e64,cairn
3e1035f74968053507d1fc11db1ad88f,rhodesian_ridgeback
3e1fffba73d112515dbee0369419a668,basenji
3e2009481c79f78113c4fe58b0ccc1d5,bull_mastiff
3e29d8011993955d89dd45dd2373a8e5,redbone
3e2f226678909037ed26abc9c2289af9,black-and-tan_coonhound
3e42bccc11b30acce650a703caa33c98,english_springer
3e47bc6ccd92abf16209f4125ddc7aea,norwegian_elkhound
3e4d6953e9fe6a3275aae55346c07293,otterhound
3e554e9a381e2c2ed11b91aba1bd03c8,saluki
3e576e8abce27bbe27195e5d832a7614,cairn
3e59cfed26b58362a9c8aec711c3c6f8,golden_retriever
3e5bc7af672a6894d32ebcce6cea53b4,saluki
3e5fcbc6617acf3485baa81ecfefbc4c,saluki
3e61153c345d0ba40a2fa9ea3f900dfc,whippet
3e6fbb7ab195649e954df8d82901cd2a,pekinese
3e76131101838e9ea1f12dc2eba4c6f1,leonberg
3e798829f7d4bc1820b4bb7f466a4a87,old_english_sheepdog
3e8a21860934e8962d622df8dc65d86c,pekinese
3e9a38dab63eabcfa67fc6677d3f6e9a,kuvasz
3e9cb687d1ebbbce28360824586a0e0f,chesapeake_bay_retriever
3ea505ad860189c14dbb73b9120a2ca5,gordon_setter
3ea91cbb825208d186e94a0bb633ee75,miniature_pinscher
3eaedbc5f02f78673b57ef47d9f1115d,lakeland_terrier
3eb897b87845c08c3d5f5755b03dcd1b,bouvier_des_flandres
3eb8ea8e80639a6df20fb8a5abe43bfe,cardigan
3ec592f90014587b1c7730210a0b0658,malamute
3ec77bcd5f425648f1eec305932c51fa,kerry_blue_terrier
3eda7915db371a5908b29137704004ee,samoyed
3edbe65662f85ab6971630b217f3d060,mexican_hairless
3edd4b452d1c62d2db921fb4a7cb3c62,standard_poodle
3ee79414932ac2856975fa96ae1189da,norwegian_elkhound
3eea07541e806bb8694e7667a1230c0e,bloodhound
3eea6cadbec5977ee593c7e75c9be5c1,ibizan_hound
3ef5dfcc20dfea1c49554fc8f2f11b20,great_dane
3efa1c5b966b6ce836b87db21f00c48b,shetland_sheepdog
3efc5f61379eb3003dfd0a8c88ee5afa,entlebucher
3f05463033fe271b456d30e3222b84ee,toy_terrier
3f06362327d11ca13c01a19182911927,scotch_terrier
3f0c77e6089a64f7083277b6bf22759e,scottish_deerhound
3f0ef4652899749d98df8a05a576239b,tibetan_terrier
3f16503c0499060c5d31695669fc4e69,border_collie
3f2ad3df5b64a29a9aabd75476f8d46d,yorkshire_terrier
3f3040cf4ce932d3e0d5d627c3ee0a89,blenheim_spaniel
3f3fcf38217b52ce62f4bb6d162693de,staffordshire_bullterrier
3f3ffc5a024eaa3afa29a0dc2bee91c8,silky_terrier
3f40aa8ccbd46bdf5769e4d22502a4c2,pekinese
3f43c5d4c9a860c4c36a724453ba81c2,bernese_mountain_dog
3f4677ac28ed7d52a781dc9a3c378eaa,miniature_pinscher
3f47b6337d2c9820c9285272121c9029,norwich_terrier
3f486f9e50d701e19bc85e4447989fb5,irish_terrier
3f4f7dde236c0d20411199358b69eec3,leonberg
3f5429aed0055c3e6fa9564c98c32008,dingo
3f5b2f820634bb1f75d4c89627e0e8b7,bedlington_terrier
3f609973f198def3b0ea1f12a3606a43,border_collie
3f60e39babd06abc652f49c6219a161b,west_highland_white_terrier
3f674c39cfc8fc3f421b3b8e69143b70,airedale
3f68ce1502f54977644ef99c3b77a96e,tibetan_terrier
3f6b8a9edc0c43f2de4e0f609c06d54e,curly-coated_retriever
3f7299b9f345fd0fbaf18cff859c8c1d,lakeland_terrier
3f86f07cc17912038aa62c83f044163e,scottish_deerhound
3f8dff494485685534a86ae817d7e02d,flat-coated_retriever
3f974ba3e0c33d02274cc3889d146a74,clumber
3f99c5eac70d57d0231f5165621f2046,schipperke
3f9b91e7965a3b1ce705f75cdd714028,silky_terrier
3fa50a116915d4cfa704f04c0e8710c1,scotch_terrier
3faf5c4f754db7435f7e7950ff2c1b05,black-and-tan_coonhound
3fbcf669fce6ecb27c5e9b46e6fdf889,lakeland_terrier
3fbefd398d24832aa2d84a81e36a645a,kerry_blue_terrier
3fc2dde0964144cd07747c740469e60b,great_pyrenees
3fc59f50c6d8977f9d964be62b3eee4a,bluetick
3fd302069a546b652bc1a38165d5ada2,great_pyrenees
3fd4d0daf3781126dde8e6d4e47ce4dd,scottish_deerhound
3fd70a53b7c06f88831923d17f5ae2ea,standard_schnauzer
3fe38b30abae7147cf67ce083389943e,dandie_dinmont
3fe86d55e854c8bdc80e02c3a9c96843,scotch_terrier
3fe88fd71334eea9924c28d2423b844c,cardigan
3fef6e63d8590ca814653301855ff000,irish_wolfhound
3ff0641f3b2da6e8cc8b1dc39bdee8a0,english_foxhound
3ff6733907952843baaa539d47f34e65,malamute
3ffa337507d37b6c29e43afd6773f400,ibizan_hound
